{"cameraMode":{"drawMode":0,"name":"Shaded","section":"Shading Mode"},"sceneLighting":false,"audioPlay":false,"sceneViewState":{"m_AlwaysRefresh":false,"showFog":true,"showSkybox":false,"showFlares":true,"showImageEffects":true,"showParticleSystems":true,"showVisualEffectGraphs":true,"m_FxEnabled":true},"in2DMode":false,"pivot":{"x":105.04757690429688,"y":143.94613647460938,"z":194.40318298339845},"rotation":{"x":-0.39410313963890078,"y":0.1348847597837448,"z":-0.058594636619091037,"w":-0.9072244763374329},"size":80.5207290649414,"orthographic":false}