{"cameraMode":{"drawMode":0,"name":"Shaded","section":"Shading Mode"},"sceneLighting":true,"audioPlay":false,"sceneViewState":{"m_AlwaysRefresh":false,"showFog":true,"showSkybox":true,"showFlares":true,"showImageEffects":true,"showParticleSystems":true,"showVisualEffectGraphs":true,"m_FxEnabled":true},"in2DMode":false,"pivot":{"x":15.149147987365723,"y":-0.16099655628204347,"z":-2.030942440032959},"rotation":{"x":0.004339001141488552,"y":-0.9922894239425659,"z":0.1184515506029129,"w":0.03634071722626686},"size":4.843851566314697,"orthographic":false}